{
    "1": {
        "id": "1",
        "member": [
            "zzh",
            "test"
        ],
        "msgs": [
            {
                "sid": "zzh",
                "content": "114514",
                "time": 123
            },
            {
                "sid": "test",
                "content": "mydevice!",
                "time": 45645646
            },
            {
                "sid": "test",
                "content": "hi",
                "time": 1717904240.3641021
            },
            {
                "sid": "zzh",
                "content": "FuckYou!\n",
                "time": 1717904260.0228465
            },
            {
                "sid": "test",
                "content": "Ha",
                "time": 1717904404.977957
            },
            {
                "sid": "zzh",
                "content": "哈哈",
                "time": 1717905209.3618274
            },
            {
                "sid": "zzh",
                "content": "So？",
                "time": 1717905339.5889983
            }
        ]
    },
    "2": {
        "id": "2",
        "member": [
            "zzh",
            "张子晨"
        ],
        "msgs": [
            {
                "sid": "zzh",
                "content": "我已成功添加你为好友！",
                "time": 1717904432.791816
            },
            {
                "sid": "zzh",
                "content": "666",
                "time": 1717904448.1010876
            },
            {
                "sid": "张子晨",
                "content": "ok",
                "time": 1717904449.395461
            },
            {
                "sid": "张子晨",
                "content": "ok",
                "time": 1717904456.253414
            },
            {
                "sid": "张子晨",
                "content": "ok",
                "time": 1717904459.537943
            },
            {
                "sid": "zzh",
                "content": "OK你妈\n",
                "time": 1717904461.5082743
            },
            {
                "sid": "张子晨",
                "content": "OK你妈\n",
                "time": 1717904472.5363503
            },
            {
                "sid": "zzh",
                "content": "6",
                "time": 1717904476.8265553
            },
            {
                "sid": "张子晨",
                "content": "bushi",
                "time": 1717904477.6166246
            },
            {
                "sid": "张子晨",
                "content": "我一点这个机器人就出来这个",
                "time": 1717904492.4104934
            },
            {
                "sid": "张子晨",
                "content": "我一点这个机器人就出来这个",
                "time": 1717904494.937011
            },
            {
                "sid": "张子晨",
                "content": "我一点这个机器人就出来这个",
                "time": 1717904513.53962
            },
            {
                "sid": "张子晨",
                "content": "这是机器人还是啥",
                "time": 1717904522.193546
            },
            {
                "sid": "张子晨",
                "content": "表情包右边的",
                "time": 1717904529.6931837
            },
            {
                "sid": "zzh",
                "content": "AI",
                "time": 1717904552.635279
            },
            {
                "sid": "zzh",
                "content": "但是我没加模块",
                "time": 1717904566.722375
            },
            {
                "sid": "张子晨",
                "content": "有啥用",
                "time": 1717904570.8086812
            },
            {
                "sid": "zzh",
                "content": "没加AI模块\n",
                "time": 1717904607.5450606
            },
            {
                "sid": "张子晨",
                "content": "没加AI模块\n",
                "time": 1717904640.768541
            },
            {
                "sid": "张子晨",
                "content": "表情包咋啥都没有",
                "time": 1717904683.4420958
            },
            {
                "sid": "张子晨",
                "content": "表情包咋啥都没有",
                "time": 1717904706.7917652
            },
            {
                "sid": "张子晨",
                "content": "表情包咋啥都没有",
                "time": 1717904710.058957
            },
            {
                "sid": "张子晨",
                "content": "表情包咋啥都没有",
                "time": 1717904714.936037
            },
            {
                "sid": "张子晨",
                "content": "okay",
                "time": 1717904720.799516
            },
            {
                "sid": "zzh",
                "content": "？",
                "time": 1717904867.321965
            }
        ]
    },
    "3": {
        "id": "3",
        "member": [
            "zzh",
            "张子晨"
        ],
        "msgs": [
            {
                "sid": "zzh",
                "content": "我已成功添加你为好友！",
                "time": 1717905375.143969
            },
            {
                "sid": "zzh",
                "content": "？啥玩意",
                "time": 1717905391.0599174
            },
            {
                "sid": "zzh",
                "content": "看起来您可能是在使用某种即时通讯工具或社交平台，并且尝试添加我为好友。不过，作为一个人工智能助手，我并不具备被添加为好友或进行实时通讯的能力。如果您有任何问题或需要帮助，您可以在平台上直接向我提问。如果有任何具体的指示或问题，请告诉我，我会尽力提供帮助。",
                "time": 1717905498.8916383
            },
            {
                "sid": "zzh",
                "content": "是的，您的理解是正确的。作为一个人工智能，我无法像人类一样在社交平台上添加好友或进行实时通讯。但我在这里随时准备回答您的问题或帮助您解决问题。如果您有任何疑问或需要帮助，只需直接向我提问即可。我会尽我所能为您提供有用的信息和帮助。",
                "time": 1717906554.8285139
            },
            {
                "sid": "zzh",
                "content": "很高兴听到这个！如果您有任何问题，无论是关于科学、数学、技术、历史、文化等等，都可以随时向我提问。我会尽我最大的努力为您提供准确和有用的答案。请问您现在有什么问题想要讨论吗？",
                "time": 1717906566.4917924
            },
            {
                "sid": "张子晨",
                "content": "看来我们陷入了一个循环重复的对话。如果您有任何问题或需要帮助，请随时提出，我会尽力为您提供所需的信息和解答。无论是关于科学、数学、技术、历史、文化等方面的问题，还是生活中的任何疑问，我都在这里帮助您。",
                "time": 1717911471.4918218
            },
            {
                "sid": "张子晨",
                "content": "是的，我们刚才的对话确实出现了一些重复。如果您有任何新问题或需要进一步的帮助，请随时告诉我，我会尽力为您提供帮助。无论是专业知识还是日常生活的小咨询，我都在这里等候您的提问。",
                "time": 1717911582.2205043
            },
            {
                "sid": "张子晨",
                "content": "看起来我们的对话又回到了之前的循环。如果您有任何问题，无论是严肃的学术问题还是日常生活中的小疑惑，我都在这里准备好回答。请随时向我提问，我会尽我所能为您提供帮助和信息。",
                "time": 1717911597.1945257
            },
            {
                "sid": "张子晨",
                "content": "是的，我们的对话确实出现了一些循环。这可能是因为我们在讨论一个主题时不断地重复相同的信息。如果您有任何新问题或需要讨论的话题，请随时告诉我，我会尽力为您提供帮助和信息。",
                "time": 1717911605.4217079
            },
            {
                "sid": "张子晨",
                "content": "哈哈",
                "time": 1717911614.6325173
            },
            {
                "sid": "张子晨",
                "content": "什么东西",
                "time": 1717911620.2790341
            },
            {
                "sid": "张子晨",
                "content": "哈哈哈",
                "time": 1717911622.1175494
            },
            {
                "sid": "zzh",
                "content": "ai",
                "time": 1717917191.3559515
            },
            {
                "sid": "zzh",
                "content": "当你说话说不下去了就可以用AI",
                "time": 1717917217.7686353
            },
            {
                "sid": "zzh",
                "content": "看来您可能是在开玩笑。如果您有任何问题或需要帮助，无论是需要我作为人工智能助手提供信息、解答疑问还是进行有趣的对话，我都在这里准备好帮助您。请随时告诉我您需要什么，我会尽力回应。",
                "time": 1717917223.527926
            }
        ]
    },
    "4": {
        "id": "4",
        "member": [
            "zzh",
            "1234"
        ],
        "msgs": [
            {
                "sid": "zzh",
                "content": "我已成功添加你为好友！",
                "time": 1717905382.222374
            },
            {
                "sid": "zzh",
                "content": "你好",
                "time": 1717906015.2002728
            }
        ]
    }
}