{
    "zzh": [
        {
            "uid": "test",
            "cid": "1"
        },
        {
            "uid": "张子晨",
            "cid": "3",
            "time": 1717905375.143969
        },
        {
            "uid": "1234",
            "cid": "4",
            "time": 1717905382.222374
        }
    ],
    "test": [
        {
            "uid": "zzh",
            "cid": "1"
        }
    ],
    "张子晨": [
        {
            "uid": "zzh",
            "cid": "3",
            "time": 1717905375.143969
        }
    ],
    "1234": [
        {
            "uid": "zzh",
            "cid": "4",
            "time": 1717905382.222374
        }
    ]
}