{
    "zzh": {
        "2": {
            "sid": "张子晨",
            "sname": "张子晨",
            "content": "okay",
            "time": 1717904720.8001091,
            "onames": {
                "zzh": "Dinner本尊",
                "张子晨": "张子晨"
            }
        },
        "3": {
            "sid": "张子晨",
            "sname": "张子晨",
            "content": "哈哈哈",
            "time": 1717911622.1185632,
            "onames": {
                "zzh": "Dinner本尊",
                "张子晨": "张子晨"
            }
        }
    },
    "uid": {},
    "张子晨": {
        "2": {
            "sid": "zzh",
            "sname": "Dinner本尊",
            "content": "？",
            "time": 1717904867.32247,
            "onames": {
                "zzh": "Dinner本尊",
                "张子晨": "张子晨"
            }
        },
        "3": {
            "sid": "zzh",
            "sname": "Dinner本尊",
            "content": "看来您可能是在开玩笑。如果您有任何问题或需要帮助，无论是需要我作为人工智能助手提供信息、解答疑问还是进行有趣的对话，我都在这里准备好帮助您。请随时告诉我您需要什么，我会尽力回应。",
            "time": 1717917223.527926,
            "onames": {
                "zzh": "Dinner本尊",
                "张子晨": "张子晨"
            }
        }
    },
    "test": {
        "1": {
            "sid": "zzh",
            "sname": "Dinner本尊",
            "content": "So？",
            "time": 1717905339.5889983,
            "onames": {
                "zzh": "Dinner本尊",
                "test": "Nick"
            }
        }
    },
    "1234": {
        "4": {
            "sid": "zzh",
            "sname": "Dinner本尊",
            "content": "你好",
            "time": 1717906015.2002728,
            "onames": {
                "zzh": "Dinner本尊",
                "1234": "1234"
            }
        }
    }
}